[
  { "nome": "AGRIGENTO (AG)", "codice": "AG" },
  { "nome": "ALESSANDRIA (AL)", "codice": "AL" },
  { "nome": "ANCONA (AN)", "codice": "AN" },
  { "nome": "AOSTA (AO)", "codice": "AO" },
  { "nome": "ASCOLI PICENO (AP)", "codice": "AP" },
  { "nome": "L'AQUILA (AQ)", "codice": "AQ" },
  { "nome": "AREZZO (AR)", "codice": "AR" },
  { "nome": "ASTI (AT)", "codice": "AT" },
  { "nome": "AVELLINO (AV)", "codice": "AV" },
  { "nome": "BARI (BA)", "codice": "BA" },
  { "nome": "BARLETTA-ANDRIA-TRANI (BT)", "codice": "BT" },
  { "nome": "BELLUNO (BL)", "codice": "BL" },
  { "nome": "BENEVENTO (BN)", "codice": "BN" },
  { "nome": "BERGAMO (BG)", "codice": "BG" },
  { "nome": "BIELLA (BI)", "codice": "BI" },
  { "nome": "BOLOGNA (BO)", "codice": "BO" },
  { "nome": "BOLZANO (BZ)", "codice": "BZ" },
  { "nome": "BRESCIA (BS)", "codice": "BS" },
  { "nome": "BRINDISI (BR)", "codice": "BR" },
  { "nome": "CAGLIARI (CA)", "codice": "CA" },
  { "nome": "CALTANISSETTA (CL)", "codice": "CL" },
  { "nome": "CAMPOBASSO (CB)", "codice": "CB" },
  { "nome": "CASERTA (CE)", "codice": "CE" },
  { "nome": "CATANIA (CT)", "codice": "CT" },
  { "nome": "CATANZARO (CZ)", "codice": "CZ" },
  { "nome": "CHIETI (CH)", "codice": "CH" },
  { "nome": "COMO (CO)", "codice": "CO" },
  { "nome": "COSENZA (CS)", "codice": "CS" },
  { "nome": "CREMONA (CR)", "codice": "CR" },
  { "nome": "CROTONE (KR)", "codice": "KR" },
  { "nome": "CUNEO (CN)", "codice": "CN" },
  { "nome": "ENNA (EN)", "codice": "EN" },
  { "nome": "FERMO (FM)", "codice": "FM" },
  { "nome": "FERRARA (FE)", "codice": "FE" },
  { "nome": "FIRENZE (FI)", "codice": "FI" },
  { "nome": "FOGGIA (FG)", "codice": "FG" },
  { "nome": "FORLÌ-CESENA (FC)", "codice": "FC" },
  { "nome": "FROSINONE (FR)", "codice": "FR" },
  { "nome": "GENOVA (GE)", "codice": "GE" },
  { "nome": "GORIZIA (GO)", "codice": "GO" },
  { "nome": "GROSSETO (GR)", "codice": "GR" },
  { "nome": "IMPERIA (IM)", "codice": "IM" },
  { "nome": "ISERNIA (IS)", "codice": "IS" },
  { "nome": "LA SPEZIA (SP)", "codice": "SP" },
  { "nome": "LATINA (LT)", "codice": "LT" },
  { "nome": "LECCE (LE)", "codice": "LE" },
  { "nome": "LECCO (LC)", "codice": "LC" },
  { "nome": "LIVORNO (LI)", "codice": "LI" },
  { "nome": "LODI (LO)", "codice": "LO" },
  { "nome": "LUCCA (LU)", "codice": "LU" },
  { "nome": "MACERATA (MC)", "codice": "MC" },
  { "nome": "MANTOVA (MN)", "codice": "MN" },
  { "nome": "MASSA-CARRARA (MS)", "codice": "MS" },
  { "nome": "MATERA (MT)", "codice": "MT" },
  { "nome": "MESSINA (ME)", "codice": "ME" },
  { "nome": "MILANO (MI)", "codice": "MI" },
  { "nome": "MODENA (MO)", "codice": "MO" },
  { "nome": "MONZA E DELLA BRIANZA (MB)", "codice": "MB" },
  { "nome": "NAPOLI (NA)", "codice": "NA" },
  { "nome": "NOVARA (NO)", "codice": "NO" },
  { "nome": "NUORO (NU)", "codice": "NU" },
  { "nome": "ORISTANO (OR)", "codice": "OR" },
  { "nome": "PADOVA (PD)", "codice": "PD" },
  { "nome": "PALERMO (PA)", "codice": "PA" },
  { "nome": "PARMA (PR)", "codice": "PR" },
  { "nome": "PAVIA (PV)", "codice": "PV" },
  { "nome": "PERUGIA (PG)", "codice": "PG" },
  { "nome": "PESARO E URBINO (PU)", "codice": "PU" },
  { "nome": "PESCARA (PE)", "codice": "PE" },
  { "nome": "PIACENZA (PC)", "codice": "PC" },
  { "nome": "PISA (PI)", "codice": "PI" },
  { "nome": "PISTOIA (PT)", "codice": "PT" },
  { "nome": "PORDENONE (PN)", "codice": "PN" },
  { "nome": "POTENZA (PZ)", "codice": "PZ" },
  { "nome": "PRATO (PO)", "codice": "PO" },
  { "nome": "RAGUSA (RG)", "codice": "RG" },
  { "nome": "RAVENNA (RA)", "codice": "RA" },
  { "nome": "REGGIO CALABRIA (RC)", "codice": "RC" },
  { "nome": "REGGIO EMILIA (RE)", "codice": "RE" },
  { "nome": "RIETI (RI)", "codice": "RI" },
  { "nome": "RIMINI (RN)", "codice": "RN" },
  { "nome": "ROMA (RM)", "codice": "RM" },
  { "nome": "ROVIGO (RO)", "codice": "RO" },
  { "nome": "SALERNO (SA)", "codice": "SA" },
  { "nome": "SASSARI (SS)", "codice": "SS" },
  { "nome": "SAVONA (SV)", "codice": "SV" },
  { "nome": "SIENA (SI)", "codice": "SI" },
  { "nome": "SIRACUSA (SR)", "codice": "SR" },
  { "nome": "SONDRIO (SO)", "codice": "SO" },
  { "nome": "SUD SARDEGNA (SU)", "codice": "SU" },
  { "nome": "TARANTO (TA)", "codice": "TA" },
  { "nome": "TERAMO (TE)", "codice": "TE" },
  { "nome": "TERNI (TR)", "codice": "TR" },
  { "nome": "TORINO (TO)", "codice": "TO" },
  { "nome": "TRAPANI (TP)", "codice": "TP" },
  { "nome": "TRENTO (TN)", "codice": "TN" },
  { "nome": "TREVISO (TV)", "codice": "TV" },
  { "nome": "TRIESTE (TS)", "codice": "TS" },
  { "nome": "UDINE (UD)", "codice": "UD" },
  { "nome": "VARESE (VA)", "codice": "VA" },
  { "nome": "VERBANO-CUSIO-OSSOLA (VB)", "codice": "VB" },
  { "nome": "VERCELLI (VC)", "codice": "VC" },
  { "nome": "VERONA (VR)", "codice": "VR" },
  { "nome": "VIBO VALENTIA (VV)", "codice": "VV" },
  { "nome": "VICENZA (VI)", "codice": "VI" },
  { "nome": "VITERBO (VT)", "codice": "VT" },
  { "nome": "VENEZIA (VE)", "codice": "VE" }
]
