[
  { "nome": "Afghanistan / Afghanistan", "codice": "000000001" },
  { "nome": "Albania / Albania", "codice": "000000002" },
  { "nome": "Algeria / Algeria", "codice": "000000003" },
  { "nome": "Andorra / Andorra", "codice": "000000004" },
  { "nome": "Angola / Angola", "codice": "000000005" },
  { "nome": "Anguilla / Anguilla", "codice": "000000006" },
  { "nome": "Antarctica / Antartide", "codice": "000000007" },
  { "nome": "Antigua and Barbuda / Antigua e Barbuda", "codice": "000000008" },
  { "nome": "Argentina / Argentina", "codice": "000000009" },
  { "nome": "Armenia / Armenia", "codice": "000000010" },
  { "nome": "Aruba / Aruba", "codice": "000000011" },
  { "nome": "Australia / Australia", "codice": "000000012" },
  { "nome": "Austria / Austria", "codice": "000000013" },
  { "nome": "Azerbaijan / Azerbaigian", "codice": "000000014" },
  { "nome": "Bahamas / Bahamas", "codice": "000000015" },
  { "nome": "Bahrain / Bahrein", "codice": "000000016" },
  { "nome": "Bangladesh / Bangladesh", "codice": "000000017" },
  { "nome": "Barbados / Barbados", "codice": "000000018" },
  { "nome": "Belarus / Bielorussia", "codice": "000000019" },
  { "nome": "Belgium / Belgio", "codice": "000000020" },
  { "nome": "Belize / Belize", "codice": "000000021" },
  { "nome": "Benin / Benin", "codice": "000000022" },
  { "nome": "Bermuda / Bermuda", "codice": "000000023" },
  { "nome": "Bhutan / Bhutan", "codice": "000000024" },
  { "nome": "Bolivia / Bolivia", "codice": "000000025" },
  { "nome": "Bosnia and Herzegovina / Bosnia ed Erzegovina", "codice": "000000026" },
  { "nome": "Botswana / Botswana", "codice": "000000027" },
  { "nome": "Bouvet Island / Isola Bouvet", "codice": "000000028" },
  { "nome": "Brazil / Brasile", "codice": "000000029" },
  { "nome": "British Indian Ocean Territory / Territorio Britannico dell'Oceano Indiano", "codice": "000000030" },
  { "nome": "Brunei Darussalam / Brunei", "codice": "000000031" },
  { "nome": "Bulgaria / Bulgaria", "codice": "000000032" },
  { "nome": "Burkina Faso / Burkina Faso", "codice": "000000033" },
  { "nome": "Burundi / Burundi", "codice": "000000034" },
  { "nome": "Cambodia / Cambogia", "codice": "000000035" },
  { "nome": "Cameroon / Camerun", "codice": "000000036" },
  { "nome": "Canada / Canada", "codice": "000000037" },
  { "nome": "Cape Verde / Capo Verde", "codice": "000000038" },
  { "nome": "Cayman Islands / Isole Cayman", "codice": "000000039" },
  { "nome": "Central African Republic / Repubblica Centrafricana", "codice": "000000040" },
  { "nome": "Chad / Ciad", "codice": "000000041" },
  { "nome": "Chile / Cile", "codice": "000000042" },
  { "nome": "China / Cina", "codice": "000000043" },
  { "nome": "Christmas Island / Isola di Natale", "codice": "000000044" },
  { "nome": "Cocos Islands / Isole Cocos", "codice": "000000045" },
  { "nome": "Colombia / Colombia", "codice": "000000046" },
  { "nome": "Comoros / Comore", "codice": "000000047" },
  { "nome": "Congo / Congo", "codice": "000000048" },
  { "nome": "Congo, Democratic Republic / Congo (Rep. Democratica)", "codice": "000000049" },
  { "nome": "Cook Islands / Isole Cook", "codice": "000000050" },
  { "nome": "Costa Rica / Costa Rica", "codice": "000000051" },
  { "nome": "Croatia / Croazia", "codice": "000000152" },
  { "nome": "Cuba / Cuba", "codice": "000000053" },
  { "nome": "Cyprus / Cipro", "codice": "000000054" },
  { "nome": "Czech Republic / Repubblica Ceca", "codice": "000000055" },
  { "nome": "Denmark / Danimarca", "codice": "000000056" },
  { "nome": "Djibouti / Gibuti", "codice": "000000057" },
  { "nome": "Dominica / Dominica", "codice": "000000058" },
  { "nome": "Dominican Republic / Repubblica Dominicana", "codice": "000000059" },
  { "nome": "Ecuador / Ecuador", "codice": "000000060" },
  { "nome": "Egypt / Egitto", "codice": "000000061" },
  { "nome": "El Salvador / El Salvador", "codice": "000000062" },
  { "nome": "Equatorial Guinea / Guinea Equatoriale", "codice": "000000063" },
  { "nome": "Eritrea / Eritrea", "codice": "000000064" },
  { "nome": "Estonia / Estonia", "codice": "000000065" },
  { "nome": "Ethiopia / Etiopia", "codice": "000000066" },
  { "nome": "Falkland Islands / Isole Falkland", "codice": "000000067" },
  { "nome": "Faroe Islands / Isole Faroe", "codice": "000000068" },
  { "nome": "Fiji / Figi", "codice": "000000069" },
  { "nome": "Finland / Finlandia", "codice": "000000070" },
  { "nome": "France / Francia", "codice": "000000071" },
  { "nome": "French Guiana / Guyana Francese", "codice": "000000072" },
  { "nome": "French Polynesia / Polinesia Francese", "codice": "000000073" },
  { "nome": "Gabon / Gabon", "codice": "000000074" },
  { "nome": "Gambia / Gambia", "codice": "000000075" },
  { "nome": "Georgia / Georgia", "codice": "000000076" },
  { "nome": "Germany / Germania", "codice": "000000077" },
  { "nome": "Ghana / Ghana", "codice": "000000078" },
  { "nome": "Gibraltar / Gibilterra", "codice": "000000079" },
  { "nome": "Greece / Grecia", "codice": "000000080" },
  { "nome": "Greenland / Groenlandia", "codice": "000000081" },
  { "nome": "Grenada / Grenada", "codice": "000000082" },
  { "nome": "Guadeloupe / Guadalupa", "codice": "000000083" },
  { "nome": "Guam / Guam", "codice": "000000084" },
  { "nome": "Guatemala / Guatemala", "codice": "000000085" },
  { "nome": "Guernsey / Guernsey", "codice": "000000086" },
  { "nome": "Guinea / Guinea", "codice": "000000087" },
  { "nome": "Guinea-Bissau / Guinea-Bissau", "codice": "000000088" },
  { "nome": "Guyana / Guyana", "codice": "000000089" },
  { "nome": "Haiti / Haiti", "codice": "000000090" },
  { "nome": "Holy See / Vaticano", "codice": "000000091" },
  { "nome": "Honduras / Honduras", "codice": "000000092" },
  { "nome": "Hong Kong / Hong Kong", "codice": "000000093" },
  { "nome": "Hungary / Ungheria", "codice": "000000094" },
  { "nome": "Iceland / Islanda", "codice": "000000095" },
  { "nome": "India / India", "codice": "000000096" },
  { "nome": "Indonesia / Indonesia", "codice": "000000097" },
  { "nome": "Iran / Iran", "codice": "000000098" },
  { "nome": "Iraq / Iraq", "codice": "000000099" },
  { "nome": "Ireland / Irlanda", "codice": "000000100" },
  { "nome": "Isle of Man / Isola di Man", "codice": "000000101" },
  { "nome": "Israel / Israele", "codice": "000000102" },
  { "nome": "Italy / Italia", "codice": "000000001" },
  { "nome": "Jamaica / Giamaica", "codice": "000000104" },
  { "nome": "Japan / Giappone", "codice": "000000105" },
  { "nome": "Jersey / Jersey", "codice": "000000106" },
  { "nome": "Jordan / Giordania", "codice": "000000107" },
  { "nome": "Kazakhstan / Kazakistan", "codice": "000000108" },
  { "nome": "Kenya / Kenya", "codice": "000000109" },
  { "nome": "Kiribati / Kiribati", "codice": "000000110" },
  { "nome": "Korea (North) / Corea del Nord", "codice": "000000111" },
  { "nome": "Korea (South) / Corea del Sud", "codice": "000000112" },
  { "nome": "Kosovo / Kosovo", "codice": "000000151" },
  { "nome": "Kuwait / Kuwait", "codice": "000000114" },
  { "nome": "Kyrgyzstan / Kirghizistan", "codice": "000000115" },
  { "nome": "Laos / Laos", "codice": "000000116" },
  { "nome": "Latvia / Lettonia", "codice": "000000117" },
  { "nome": "Lebanon / Libano", "codice": "000000118" },
  { "nome": "Lesotho / Lesotho", "codice": "000000119" },
  { "nome": "Liberia / Liberia", "codice": "000000120" },
  { "nome": "Libya / Libia", "codice": "000000121" },
  { "nome": "Liechtenstein / Liechtenstein", "codice": "000000122" },
  { "nome": "Lithuania / Lituania", "codice": "000000123" },
  { "nome": "Luxembourg / Lussemburgo", "codice": "000000124" },
  { "nome": "Macao / Macao", "codice": "000000125" },
  { "nome": "North Macedonia / Macedonia del Nord", "codice": "000000126" },
  { "nome": "Madagascar / Madagascar", "codice": "000000127" },
  { "nome": "Malawi / Malawi", "codice": "000000128" },
  { "nome": "Malaysia / Malesia", "codice": "000000129" },
  { "nome": "Maldives / Maldive", "codice": "000000130" },
  { "nome": "Mali / Mali", "codice": "000000131" },
  { "nome": "Malta / Malta", "codice": "000000132" },
  { "nome": "Marshall Islands / Isole Marshall", "codice": "000000133" },
  { "nome": "Martinique / Martinica", "codice": "000000134" },
  { "nome": "Mauritania / Mauritania", "codice": "000000135" },
  { "nome": "Mauritius / Mauritius", "codice": "000000136" },
  { "nome": "Mayotte / Mayotte", "codice": "000000137" },
  { "nome": "Mexico / Messico", "codice": "000000138" },
  { "nome": "Micronesia / Micronesia", "codice": "000000139" },
  { "nome": "Moldova / Moldavia", "codice": "000000140" },
  { "nome": "Monaco / Monaco", "codice": "000000141" },
  { "nome": "Mongolia / Mongolia", "codice": "000000142" },
  { "nome": "Montenegro / Montenegro", "codice": "000000143" },
  { "nome": "Montserrat / Montserrat", "codice": "000000144" },
  { "nome": "Morocco / Marocco", "codice": "000000145" },
  { "nome": "Mozambique / Mozambico", "codice": "000000146" },
  { "nome": "Myanmar / Myanmar", "codice": "000000147" },
  { "nome": "Namibia / Namibia", "codice": "000000148" },
  { "nome": "Nauru / Nauru", "codice": "000000149" },
  { "nome": "Nepal / Nepal", "codice": "000000150" },
  { "nome": "Netherlands / Paesi Bassi", "codice": "000000133" },
  { "nome": "New Caledonia / Nuova Caledonia", "codice": "000000153" },
  { "nome": "New Zealand / Nuova Zelanda", "codice": "000000154" },
  { "nome": "Nicaragua / Nicaragua", "codice": "000000155" },
  { "nome": "Niger / Niger", "codice": "000000156" },
  { "nome": "Nigeria / Nigeria", "codice": "000000157" },
  { "nome": "Niue / Niue", "codice": "000000158" },
  { "nome": "Norfolk Island / Isola Norfolk", "codice": "000000159" },
  { "nome": "Northern Mariana Islands / Isole Marianne Settentrionali", "codice": "000000160" },
  { "nome": "Norway / Norvegia", "codice": "000000161" },
  { "nome": "Oman / Oman", "codice": "000000162" },
  { "nome": "Pakistan / Pakistan", "codice": "000000163" },
  { "nome": "Palau / Palau", "codice": "000000164" },
  { "nome": "Palestine / Palestina", "codice": "000000165" },
  { "nome": "Panama / Panama", "codice": "000000166" },
  { "nome": "Papua New Guinea / Papua Nuova Guinea", "codice": "000000167" },
  { "nome": "Paraguay / Paraguay", "codice": "000000168" },
  { "nome": "Peru / Perù", "codice": "000000169" },
  { "nome": "Philippines / Filippine", "codice": "000000170" },
  { "nome": "Pitcairn / Pitcairn", "codice": "000000171" },
  { "nome": "Poland / Polonia", "codice": "000000172" },
  { "nome": "Portugal / Portogallo", "codice": "000000173" },
  { "nome": "Puerto Rico / Porto Rico", "codice": "000000174" },
  { "nome": "Qatar / Qatar", "codice": "000000175" },
  { "nome": "Réunion / Réunion", "codice": "000000176" },
  { "nome": "Romania / Romania", "codice": "000000177" },
  { "nome": "Russian Federation / Russia", "codice": "000000178" },
  { "nome": "Rwanda / Rwanda", "codice": "000000179" },
  { "nome": "Saint Barthélemy / Saint Barthélemy", "codice": "000000180" },
  { "nome": "Saint Helena / Sant'Elena", "codice": "000000181" },
  { "nome": "Saint Kitts and Nevis / Saint Kitts e Nevis", "codice": "000000182" },
  { "nome": "Saint Lucia / Saint Lucia", "codice": "000000183" },
  { "nome": "Saint Martin / Saint Martin", "codice": "000000184" },
  { "nome": "Saint Pierre and Miquelon / Saint Pierre e Miquelon", "codice": "000000185" },
  { "nome": "Saint Vincent and the Grenadines / Saint Vincent e Grenadine", "codice": "000000186" },
  { "nome": "Samoa / Samoa", "codice": "000000187" },
  { "nome": "San Marino / San Marino", "codice": "000000188" },
  { "nome": "Sao Tome and Principe / São Tomé e Príncipe", "codice": "000000189" },
  { "nome": "Saudi Arabia / Arabia Saudita", "codice": "000000190" },
  { "nome": "Senegal / Senegal", "codice": "000000191" },
  { "nome": "Serbia / Serbia", "codice": "000000131" },
  { "nome": "Seychelles / Seychelles", "codice": "000000193" },
  { "nome": "Sierra Leone / Sierra Leone", "codice": "000000194" },
  { "nome": "Singapore / Singapore", "codice": "000000195" },
  { "nome": "Sint Maarten / Sint Maarten", "codice": "000000196" },
  { "nome": "Slovakia / Slovacchia", "codice": "000000197" },
  { "nome": "Slovenia / Slovenia", "codice": "000000198" },
  { "nome": "Solomon Islands / Isole Salomone", "codice": "000000199" },
  { "nome": "Somalia / Somalia", "codice": "000000200" },
  { "nome": "South Africa / Sudafrica", "codice": "000000201" },
  { "nome": "South Georgia / Georgia del Sud", "codice": "000000202" },
  { "nome": "South Sudan / Sud Sudan", "codice": "000000203" },
  { "nome": "Spain / Spagna", "codice": "000000204" },
  { "nome": "Sri Lanka / Sri Lanka", "codice": "000000205" },
  { "nome": "Sudan / Sudan", "codice": "000000206" },
  { "nome": "Suriname / Suriname", "codice": "000000207" },
  { "nome": "Svalbard / Svalbard", "codice": "000000208" },
  { "nome": "Sweden / Svezia", "codice": "000000209" },
  { "nome": "Switzerland / Svizzera", "codice": "000000210" },
  { "nome": "Syria / Siria", "codice": "000000211" },
  { "nome": "Taiwan / Taiwan", "codice": "000000212" },
  { "nome": "Tajikistan / Tagikistan", "codice": "000000213" },
  { "nome": "Tanzania / Tanzania", "codice": "000000214" },
  { "nome": "Thailand / Thailandia", "codice": "000000215" },
  { "nome": "Timor-Leste / Timor Est", "codice": "000000216" },
  { "nome": "Togo / Togo", "codice": "000000217" },
  { "nome": "Tokelau / Tokelau", "codice": "000000218" },
  { "nome": "Tonga / Tonga", "codice": "000000219" },
  { "nome": "Trinidad and Tobago / Trinidad e Tobago", "codice": "000000220" },
  { "nome": "Tunisia / Tunisia", "codice": "000000221" },
  { "nome": "Turkey / Turchia", "codice": "000000222" },
  { "nome": "Turkmenistan / Turkmenistan", "codice": "000000223" },
  { "nome": "Turks and Caicos Islands / Turks e Caicos", "codice": "000000224" },
  { "nome": "Tuvalu / Tuvalu", "codice": "000000225" },
  { "nome": "Uganda / Uganda", "codice": "000000226" },
  { "nome": "Ukraine / Ucraina", "codice": "000000227" },
  { "nome": "United Arab Emirates / Emirati Arabi Uniti", "codice": "000000228" },
  { "nome": "United Kingdom / Regno Unito", "codice": "000000229" },
  { "nome": "United States / Stati Uniti", "codice": "000000230" },
  { "nome": "Uruguay / Uruguay", "codice": "000000231" },
  { "nome": "Uzbekistan / Uzbekistan", "codice": "000000232" },
  { "nome": "Vanuatu / Vanuatu", "codice": "000000233" },
  { "nome": "Venezuela / Venezuela", "codice": "000000234" },
  { "nome": "Vietnam / Vietnam", "codice": "000000235" },
  { "nome": "Virgin Islands, UK / Isole Vergini Britanniche", "codice": "000000236" },
  { "nome": "Virgin Islands, US / Isole Vergini Americane", "codice": "000000237" },
  { "nome": "Wallis and Futuna / Wallis e Futuna", "codice": "000000238" },
  { "nome": "Western Sahara / Sahara Occidentale", "codice": "000000239" },
  { "nome": "Yemen / Yemen", "codice": "000000240" },
  { "nome": "Zambia / Zambia", "codice": "000000241" },
  { "nome": "Zimbabwe / Zimbabwe", "codice": "000000242" }
]
